Ciclo;Tempo;Temperatura
0;0;19.6
1;30;19.5
2;60;19.7
3;90;20
4;120;20.1
5;150;20.1
6;180;20.1
7;210;20.5
8;240;20.5
9;270;20.4
10;300;20.8
11;330;21.1
12;360;20.8
13;390;21.3
14;420;21.5
15;450;21.5
16;480;22.1
17;510;21.3
18;540;22.1
19;570;22
20;600;21.7
21;630;22.2
22;660;22.3
23;690;22.4
24;720;22.7
25;750;22.7
26;780;22.9
27;810;23.1
28;840;23.1
29;870;23.7
30;900;24.3
31;930;24.7
32;960;25.5
33;990;26.3
34;1020;27.2
35;1050;27.9
36;1080;29.7
37;1110;31.4
38;1140;33.2
39;1170;35.5
40;1200;36.4
41;1230;37.5
42;1260;38.2
43;1290;39.1
44;1320;40.1
45;1350;40.5
46;1380;41.3
47;1410;41.4
48;1440;42.4
49;1470;43.1
50;1500;43.6
51;1530;44
52;1560;44.6
53;1590;45.2
54;1620;45.5
55;1650;46.1
56;1680;46.7
57;1710;47
58;1740;47.7
59;1770;48.2
60;1800;48.6
61;1830;48.9
62;1860;49.3
63;1890;49.6
64;1920;49.8
65;1950;50.3
66;1980;50.5
67;2010;50.9
68;2040;51.1
69;2070;51.6
70;2100;51.8
71;2130;52.2
72;2160;52.5
73;2190;52.7
74;2220;53
75;2250;52.8
76;2280;53.3
77;2310;53.5
78;2340;53.8
79;2370;54
80;2400;54.3
81;2430;54.4
82;2460;54.6
83;2490;54.9
84;2520;55.3
85;2550;55
86;2580;55.3
87;2610;55.5
88;2640;55.7
89;2670;55.7
90;2700;56
91;2730;56.2
92;2760;56.6
93;2790;56.7
94;2820;56.8
95;2850;56.9
96;2880;57
97;2910;57.2
98;2940;57.3
99;2970;57.5
100;3000;57.4
101;3030;57.6
102;3060;57.4
103;3090;57.6
104;3120;57.8
105;3150;57.8
106;3180;58
107;3210;58.3
108;3240;58.3
109;3270;58.3
110;3300;58.4
111;3330;58.5
112;3360;58.7
113;3390;58.8
114;3420;59
115;3450;58.9
116;3480;59.1
117;3510;59.3
118;3540;59.3
119;3570;59.6
120;3600;59.8
121;3630;59.9
122;3660;60.2
123;3690;60.2
124;3720;60.5
125;3750;60.5
126;3780;60.6
127;3810;60.8
128;3840;60.9
129;3870;61.1
130;3900;61.1
131;3930;61.2
132;3960;61.4
133;3990;61.4
134;4020;61.5
135;4050;61.7
136;4080;61.7
137;4110;61.6
138;4140;62
139;4170;62.1
140;4200;62.1
141;4230;62.2
142;4260;62.2
143;4290;62.4
144;4320;62.5
145;4350;62.5
146;4380;62.4
147;4410;62.6
148;4440;62.6
149;4470;62.7
150;4500;62.5
151;4530;62.5
152;4560;62.5
153;4590;62.5
154;4620;62.4
155;4650;62.4
156;4680;62.5
157;4710;62.6
158;4740;62.6
159;4770;62.6
160;4800;62.7
161;4830;62.6
162;4860;63
163;4890;62.9
164;4920;62.8
165;4950;62.8
166;4980;62.7
167;5010;62.7
168;5040;62.8
169;5070;63
170;5100;63.1
171;5130;63.2
172;5160;63.4
173;5190;63.3
174;5220;63.4
175;5250;63.4
176;5280;63.5
177;5310;63.4
178;5340;63.5
179;5370;63.7
180;5400;63.7
181;5430;63.6
182;5460;63.6
183;5490;63.7
184;5520;63.5
185;5550;63.7
186;5580;63.8
187;5610;63.8
188;5640;63.8
189;5670;63.8
190;5700;63.8
191;5730;63.9
192;5760;63.8
193;5790;63.8
194;5820;63.8
195;5850;64
196;5880;63.8
197;5910;63.7
198;5940;63.7
199;5970;63.9
200;6000;63.7
201;6030;63.7
202;6060;63.7
203;6090;63.6
204;6120;63.6
205;6150;63.5
206;6180;63.4
207;6210;63.4
208;6240;63.6
209;6270;63.6
210;6300;63.7
211;6330;63.7
212;6360;63.8
213;6390;63.7
214;6420;63.8
215;6450;63.7
216;6480;63.8
217;6510;63.7
218;6540;63.8
219;6570;63.8
220;6600;63.8
221;6630;63.9
222;6660;63.8
223;6690;63.9
224;6720;64
225;6750;63.98
226;6780;63.97
227;6810;63.95
228;6840;63.93
229;6870;63.92
230;6900;63.9
231;6930;63.88
232;6960;63.87
233;6990;63.85
234;7020;63.83
235;7050;63.81
236;7080;63.8
237;7110;63.78
238;7140;63.76
239;7170;63.75
240;7200;63.73
241;7230;63.71
242;7260;63.7
243;7290;63.68
244;7320;63.66
245;7350;63.65
246;7380;63.63
247;7410;63.61
248;7440;63.6
249;7470;63.58
250;7500;63.56
251;7530;63.54
252;7560;63.53
253;7590;63.51
254;7620;63.49
255;7650;63.48
256;7680;63.46
257;7710;63.44
258;7740;63.43
259;7770;63.41
260;7800;63.39
261;7830;63.38
262;7860;63.36
263;7890;63.34
264;7920;63.33
265;7950;63.31
266;7980;63.29
267;8010;63.27
268;8040;63.26
269;8070;63.24
270;8100;63.22
271;8130;63.21
272;8160;63.19
273;8190;63.17
274;8220;63.16
275;8250;63.14
276;8280;63.12
277;8310;63.11
278;8340;63.09
279;8370;63.07
280;8400;63.06
281;8430;63.04
282;8460;63.02
283;8490;63
284;8520;62.99
285;8550;62.97
286;8580;62.95
287;8610;62.94
288;8640;62.92
289;8670;62.9
290;8700;62.89
291;8730;62.87
292;8760;62.85
293;8790;62.84
294;8820;62.82
295;8850;62.8
296;8880;62.79
297;8910;62.77
298;8940;62.75
299;8970;62.73
300;9000;62.72
301;9030;62.7
302;9060;62.68
303;9090;62.67
304;9120;62.65
305;9150;62.63
306;9180;62.62
307;9210;62.6
308;9240;62.58
309;9270;62.57
310;9300;62.55
311;9330;62.53
312;9360;62.52
313;9390;62.5
314;9420;62.48
315;9450;62.46
316;9480;62.45
317;9510;62.43
318;9540;62.41
319;9570;62.4
320;9600;62.38
321;9630;62.36
322;9660;62.35
323;9690;62.33
324;9720;62.31
325;9750;62.3
326;9780;62.28
327;9810;62.26
328;9840;62.25
329;9870;62.23
330;9900;62.21
331;9930;62.19
332;9960;62.18
333;9990;62.16
334;10020;62.14
335;10050;62.13
336;10080;62.11
337;10110;62.09
338;10140;62.08
339;10170;62.06
340;10200;62.04
341;10230;62.03
342;10260;62.01
343;10290;61.99
344;10320;61.98
345;10350;61.96
346;10380;61.94
347;10410;61.92
348;10440;61.91
349;10470;61.89
350;10500;61.87
351;10530;61.86
352;10560;61.84
353;10590;61.82
354;10620;61.81
355;10650;61.79
356;10680;61.77
357;10710;61.76
358;10740;61.74
359;10770;61.72
360;10800;61.71
361;10830;61.69
362;10860;61.67
363;10890;61.66
364;10920;61.64
365;10950;61.62
366;10980;61.6
367;11010;61.59
368;11040;61.57
369;11070;61.55
370;11100;61.54
371;11130;61.52
372;11160;61.5
373;11190;61.49
374;11220;61.47
375;11250;61.45
376;11280;61.44
377;11310;61.42
378;11340;61.4
379;11370;61.39
380;11400;61.37
381;11430;61.35
382;11460;61.33
383;11490;61.32
384;11520;61.3
385;11550;61.28
386;11580;61.27
387;11610;61.25
388;11640;61.23
389;11670;61.22
390;11700;61.2
391;11730;61.18
392;11760;61.17
393;11790;61.15
394;11820;61.13
395;11850;61.12
396;11880;61.1
397;11910;61.08
398;11940;61.06
399;11970;61.05
400;12000;61.03
401;12030;61.01
402;12060;61
403;12090;60.98
404;12120;60.96
405;12150;60.95
406;12180;60.93
407;12210;60.91
408;12240;60.9
409;12270;60.88
410;12300;60.86
411;12330;60.85
412;12360;60.83
413;12390;60.81
414;12420;60.79
415;12450;60.78
416;12480;60.76
417;12510;60.74
418;12540;60.73
419;12570;60.71
420;12600;60.69
421;12630;60.68
422;12660;60.66
423;12690;60.64
424;12720;60.63
425;12750;60.61
426;12780;60.59
427;12810;60.58
428;12840;60.56
429;12870;60.54
430;12900;60.52
431;12930;60.51
432;12960;60.49
433;12990;60.47
434;13020;60.46
435;13050;60.44
436;13080;60.42
437;13110;60.41
438;13140;60.39
439;13170;60.37
440;13200;60.36
441;13230;60.34
442;13260;60.32
443;13290;60.31
444;13320;60.29
445;13350;60.27
446;13380;60.25
447;13410;60.24
448;13440;60.22
449;13470;60.2
450;13500;60.19
451;13530;60.17
452;13560;60.15
453;13590;60.14
454;13620;60.12
455;13650;60.1
456;13680;60.09
457;13710;60.07
458;13740;60.05
459;13770;60.04
460;13800;60.02
461;13830;60
462;13860;59.98
463;13890;59.97
464;13920;59.95
465;13950;59.93
466;13980;59.92
467;14010;59.9
468;14040;59.88
469;14070;59.87
470;14100;59.85
471;14130;59.83
472;14160;59.82
473;14190;59.8
474;14220;59.78
475;14250;59.77
476;14280;59.75
477;14310;59.73
478;14340;59.71
479;14370;59.7
480;14400;59.68
481;14430;59.66
482;14460;59.65
483;14490;59.63
484;14520;59.61
485;14550;59.6
486;14580;59.58
487;14610;59.56
488;14640;59.55
489;14670;59.53
490;14700;59.51
491;14730;59.5
492;14760;59.48
493;14790;59.46
494;14820;59.44
495;14850;59.43
496;14880;59.41
497;14910;59.39
498;14940;59.38
499;14970;59.36
500;15000;59.34
501;15030;59.33
502;15060;59.31
503;15090;59.29
504;15120;59.28
505;15150;59.26
506;15180;59.24
507;15210;59.23
508;15240;59.21
509;15270;59.19
510;15300;59.18
511;15330;59.16
512;15360;59.14
513;15390;59.12
514;15420;59.11
515;15450;59.09
516;15480;59.07
517;15510;59.06
518;15540;59.04
519;15570;59.02
520;15600;59.01
521;15630;58.99
522;15660;58.97
523;15690;58.96
524;15720;58.94
525;15750;58.92
526;15780;58.91
527;15810;58.89
528;15840;58.87
529;15870;58.85
530;15900;58.84
531;15930;58.82
532;15960;58.8
533;15990;58.79
534;16020;58.77
535;16050;58.75
536;16080;58.74
537;16110;58.72
538;16140;58.7
539;16170;58.69
540;16200;58.67
541;16230;58.65
542;16260;58.64
543;16290;58.62
544;16320;58.6
545;16350;58.58
546;16380;58.57
547;16410;58.55
548;16440;58.53
549;16470;58.52
550;16500;58.5
551;16530;58.48
552;16560;58.47
553;16590;58.45
554;16620;58.43
555;16650;58.42
556;16680;58.4
557;16710;58.38
558;16740;58.37
559;16770;58.35
560;16800;58.33
561;16830;58.31
562;16860;58.3
563;16890;58.28
564;16920;58.26
565;16950;58.25
566;16980;58.23
567;17010;58.21
568;17040;58.2
569;17070;58.18
570;17100;58.16
571;17130;58.15
572;17160;58.13
573;17190;58.11
574;17220;58.1
575;17250;58.08
576;17280;58.06
577;17310;58.04
578;17340;58.03
579;17370;58.01
580;17400;57.99
581;17430;57.98
582;17460;57.96
583;17490;57.94
584;17520;57.93
585;17550;57.91
586;17580;57.89
587;17610;57.88
588;17640;57.86
589;17670;57.84
590;17700;57.83
591;17730;57.81
592;17760;57.79
593;17790;57.77
594;17820;57.76
595;17850;57.74
596;17880;57.72
597;17910;57.71
598;17940;57.69
599;17970;57.67
600;18000;57.66
601;18030;57.64
602;18060;57.62
603;18090;57.61
604;18120;57.59
605;18150;57.57
606;18180;57.56
607;18210;57.54
608;18240;57.52
609;18270;57.5
610;18300;57.49
611;18330;57.47
612;18360;57.45
613;18390;57.44
614;18420;57.42
615;18450;57.4
616;18480;57.39
617;18510;57.37
618;18540;57.35
619;18570;57.34
620;18600;57.32
621;18630;57.3
622;18660;57.29
623;18690;57.27
624;18720;57.25
625;18750;57.23
626;18780;57.22
627;18810;57.2
628;18840;57.18
629;18870;57.17
630;18900;57.15
631;18930;57.13
632;18960;57.12
633;18990;57.1
634;19020;57.08
635;19050;57.07
636;19080;57.05
637;19110;57.03
638;19140;57.02
639;19170;57
640;19200;56.98
641;19230;56.97
642;19260;56.95
643;19290;56.93
644;19320;56.91
645;19350;56.9
646;19380;56.88
647;19410;56.86
648;19440;56.85
649;19470;56.83
650;19500;56.81
651;19530;56.8
652;19560;56.78
653;19590;56.76
654;19620;56.75
655;19650;56.73
656;19680;56.71
657;19710;56.7
658;19740;56.68
659;19770;56.66
660;19800;56.64
661;19830;56.63
662;19860;56.61
663;19890;56.59
664;19920;56.58
665;19950;56.56
666;19980;56.54
667;20010;56.53
668;20040;56.51
669;20070;56.49
670;20100;56.48
671;20130;56.46
672;20160;56.44
673;20190;56.43
674;20220;56.41
675;20250;56.39
676;20280;56.37
677;20310;56.36
678;20340;56.34
679;20370;56.32
680;20400;56.31
681;20430;56.29
682;20460;56.27
683;20490;56.26
684;20520;56.24
685;20550;56.22
686;20580;56.21
687;20610;56.19
688;20640;56.17
689;20670;56.16
690;20700;56.14
691;20730;56.12
692;20760;56.1
693;20790;56.09
694;20820;56.07
695;20850;56.05
696;20880;56.04
697;20910;56.02
698;20940;56
699;20970;55.99
700;21000;55.97
701;21030;55.95
702;21060;55.94
703;21090;55.92
704;21120;55.9
705;21150;55.89
706;21180;55.87
707;21210;55.85
708;21240;55.83
709;21270;55.82
710;21300;55.8
711;21330;55.78
712;21360;55.77
713;21390;55.75
714;21420;55.73
715;21450;55.72
716;21480;55.7
717;21510;55.68
718;21540;55.67
719;21570;55.65
720;21600;55.63
721;21630;55.62
722;21660;55.6
723;21690;55.58
724;21720;55.56
725;21750;55.55
726;21780;55.53
727;21810;55.51
728;21840;55.5
729;21870;55.48
730;21900;55.46
731;21930;55.45
732;21960;55.43
733;21990;55.41
734;22020;55.4
735;22050;55.38
736;22080;55.36
737;22110;55.35
738;22140;55.33
739;22170;55.31
740;22200;55.29
741;22230;55.28
742;22260;55.26
743;22290;55.24
744;22320;55.23
745;22350;55.21
746;22380;55.19
747;22410;55.18
748;22440;55.16
749;22470;55.14
750;22500;55.13
751;22530;55.11
752;22560;55.09
753;22590;55.08
754;22620;55.06
755;22650;55.04
756;22680;55.02
757;22710;55.01
758;22740;54.99
759;22770;54.97
760;22800;54.96
761;22830;54.94
762;22860;54.92
763;22890;54.91
764;22920;54.89
765;22950;54.87
766;22980;54.86
767;23010;54.84
768;23040;54.82
769;23070;54.81
770;23100;54.79
771;23130;54.77
772;23160;54.75
773;23190;54.74
774;23220;54.72
775;23250;54.7
776;23280;54.69
777;23310;54.67
778;23340;54.65
779;23370;54.64
780;23400;54.62
781;23430;54.6
782;23460;54.59
783;23490;54.57
784;23520;54.55
785;23550;54.54
786;23580;54.52
787;23610;54.5
788;23640;54.49
789;23670;54.47
790;23700;54.45
791;23730;54.43
792;23760;54.42
793;23790;54.4
794;23820;54.38
795;23850;54.37
796;23880;54.35
797;23910;54.33
798;23940;54.32
799;23970;54.3
800;24000;54.28
801;24030;54.27
802;24060;54.25
803;24090;54.23
804;24120;54.22
805;24150;54.2
806;24180;54.18
807;24210;54.16
808;24240;54.15
809;24270;54.13
810;24300;54.11
811;24330;54.1
812;24360;54.08
813;24390;54.06
814;24420;54.05
815;24450;54.03
816;24480;54.01
817;24510;54
818;24540;53.98
819;24570;53.96
820;24600;53.95
821;24630;53.93
822;24660;53.91
823;24690;53.89
824;24720;53.88
825;24750;53.86
826;24780;53.84
827;24810;53.83
828;24840;53.81
829;24870;53.79
830;24900;53.78
831;24930;53.76
832;24960;53.74
833;24990;53.73
834;25020;53.71
835;25050;53.69
836;25080;53.68
837;25110;53.66
838;25140;53.64
839;25170;53.62
840;25200;53.61
841;25230;53.59
842;25260;53.57
843;25290;53.56
844;25320;53.54
845;25350;53.52
846;25380;53.51
847;25410;53.49
848;25440;53.47
849;25470;53.46
850;25500;53.44
851;25530;53.42
852;25560;53.41
853;25590;53.39
854;25620;53.37
855;25650;53.35
856;25680;53.34
857;25710;53.32
858;25740;53.3
859;25770;53.29
860;25800;53.27
861;25830;53.25
862;25860;53.24
863;25890;53.22
864;25920;53.2
865;25950;53.19
866;25980;53.17
867;26010;53.15
868;26040;53.14
869;26070;53.12
870;26100;53.1
871;26130;53.08
872;26160;53.07
873;26190;53.05
874;26220;53.03
875;26250;53.02
876;26280;53
877;26310;52.98
878;26340;52.97
879;26370;52.95
880;26400;52.93
881;26430;52.92
882;26460;52.9
883;26490;52.88
884;26520;52.87
885;26550;52.85
886;26580;52.83
887;26610;52.81
888;26640;52.8
889;26670;52.78
890;26700;52.76
891;26730;52.75
892;26760;52.73
893;26790;52.71
894;26820;52.7
895;26850;52.68
896;26880;52.66
897;26910;52.65
898;26940;52.63
899;26970;52.61
900;27000;52.6
901;27030;52.58
902;27060;52.56
903;27090;52.54
904;27120;52.53
905;27150;52.51
906;27180;52.49
907;27210;52.48
908;27240;52.46
909;27270;52.44
910;27300;52.43
911;27330;52.41
912;27360;52.39
913;27390;52.38
914;27420;52.36
915;27450;52.34
916;27480;52.33
917;27510;52.31
918;27540;52.29
919;27570;52.28
920;27600;52.26
921;27630;52.24
922;27660;52.22
923;27690;52.21
924;27720;52.19
925;27750;52.17
926;27780;52.16
927;27810;52.14
928;27840;52.12
929;27870;52.11
930;27900;52.09
931;27930;52.07
932;27960;52.06
933;27990;52.04
934;28020;52.02
935;28050;52.01
936;28080;51.99
937;28110;51.97
938;28140;51.95
939;28170;51.94
940;28200;51.92
941;28230;51.9
942;28260;51.89
943;28290;51.87
944;28320;51.85
945;28350;51.84
946;28380;51.82
947;28410;51.8
948;28440;51.79
949;28470;51.77
950;28500;51.75
951;28530;51.74
952;28560;51.72
953;28590;51.7
954;28620;51.68
955;28650;51.67
956;28680;51.65
957;28710;51.63
958;28740;51.62
959;28770;51.6
960;28800;51.58
961;28830;51.57
962;28860;51.55
963;28890;51.53
964;28920;51.52
965;28950;51.5
966;28980;51.48
967;29010;51.47
968;29040;51.45
969;29070;51.43
970;29100;51.41
971;29130;51.4
972;29160;51.38
973;29190;51.36
974;29220;51.35
975;29250;51.33
976;29280;51.31
977;29310;51.3
978;29340;51.28
979;29370;51.26
980;29400;51.25
981;29430;51.23
982;29460;51.21
983;29490;51.2
984;29520;51.18
985;29550;51.16
986;29580;51.14
987;29610;51.13
988;29640;51.11
989;29670;51.09
990;29700;51.08
991;29730;51.06
992;29760;51.04
993;29790;51.03
994;29820;51.01
995;29850;50.99
996;29880;50.98
997;29910;50.96
998;29940;50.94
999;29970;50.93
1000;30000;50.91
1001;30030;50.89
1002;30060;50.87
1003;30090;50.86
1004;30120;50.84
1005;30150;50.82
1006;30180;50.81
1007;30210;50.79
1008;30240;50.77
1009;30270;50.76
1010;30300;50.74
1011;30330;50.72
1012;30360;50.71
1013;30390;50.69
1014;30420;50.67
1015;30450;50.66
1016;30480;50.64
1017;30510;50.62
1018;30540;50.6
1019;30570;50.59
1020;30600;50.57
1021;30630;50.55
1022;30660;50.54
1023;30690;50.52
1024;30720;50.5
1025;30750;50.49
1026;30780;50.47
1027;30810;50.45
1028;30840;50.44
1029;30870;50.42
1030;30900;50.4
1031;30930;50.39
1032;30960;50.37
1033;30990;50.35
1034;31020;50.33
1035;31050;50.32
1036;31080;50.3
1037;31110;50.28
1038;31140;50.27
1039;31170;50.25
1040;31200;50.23
1041;31230;50.22
1042;31260;50.2
1043;31290;50.18
1044;31320;50.17
1045;31350;50.15
1046;31380;50.13
1047;31410;50.12
1048;31440;50.1
1049;31470;50.08
1050;31500;50.06
1051;31530;50.05
1052;31560;50.03
1053;31590;50.01
1054;31620;50
1055;31650;49.98
1056;31680;49.96
1057;31710;49.95
1058;31740;49.93
1059;31770;49.91
1060;31800;49.9
1061;31830;49.88
1062;31860;49.86
1063;31890;49.85
1064;31920;49.83
1065;31950;49.81
1066;31980;49.8
1067;32010;49.78
1068;32040;49.76
1069;32070;49.74
1070;32100;49.73
1071;32130;49.71
1072;32160;49.69
1073;32190;49.68
1074;32220;49.66
1075;32250;49.64
1076;32280;49.63
1077;32310;49.61
1078;32340;49.59
1079;32370;49.58
1080;32400;49.56
1081;32430;49.54
1082;32460;49.53
1083;32490;49.51
1084;32520;49.49
1085;32550;49.47
1086;32580;49.46
1087;32610;49.44
1088;32640;49.42
1089;32670;49.41
1090;32700;49.39
1091;32730;49.37
1092;32760;49.36
1093;32790;49.34
1094;32820;49.32
1095;32850;49.31
1096;32880;49.29
1097;32910;49.27
1098;32940;49.26
1099;32970;49.24
1100;33000;49.22
1101;33030;49.2
1102;33060;49.19
1103;33090;49.17
1104;33120;49.15
1105;33150;49.14
1106;33180;49.12
1107;33210;49.1
1108;33240;49.09
1109;33270;49.07
1110;33300;49.05
1111;33330;49.04
1112;33360;49.02
1113;33390;49
1114;33420;48.99
1115;33450;48.97
1116;33480;48.95
1117;33510;48.93
1118;33540;48.92
1119;33570;48.9
1120;33600;48.88
1121;33630;48.87
1122;33660;48.85
1123;33690;48.83
1124;33720;48.82
1125;33750;48.8
1126;33780;48.78
1127;33810;48.77
1128;33840;48.75
1129;33870;48.73
1130;33900;48.72
1131;33930;48.7
1132;33960;48.68
1133;33990;48.66
1134;34020;48.65
1135;34050;48.63
1136;34080;48.61
1137;34110;48.6
1138;34140;48.58
1139;34170;48.56
1140;34200;48.55
1141;34230;48.53
1142;34260;48.51
1143;34290;48.5
1144;34320;48.48
1145;34350;48.46
1146;34380;48.45
1147;34410;48.43
1148;34440;48.41
1149;34470;48.39
1150;34500;48.38
1151;34530;48.36
1152;34560;48.34
1153;34590;48.33
1154;34620;48.31
1155;34650;48.29
1156;34680;48.28
1157;34710;48.26
1158;34740;48.24
1159;34770;48.23
1160;34800;48.21
1161;34830;48.19
1162;34860;48.18
1163;34890;48.16
1164;34920;48.14
1165;34950;48.12
1166;34980;48.11
1167;35010;48.09
1168;35040;48.07
1169;35070;48.06
1170;35100;48.04
1171;35130;48.02
1172;35160;48.01
1173;35190;47.99
1174;35220;47.97
1175;35250;47.96
1176;35280;47.94
1177;35310;47.92
1178;35340;47.91
1179;35370;47.89
1180;35400;47.87
1181;35430;47.85
1182;35460;47.84
1183;35490;47.82
1184;35520;47.8
1185;35550;47.79
1186;35580;47.77
1187;35610;47.75
1188;35640;47.74
1189;35670;47.72
1190;35700;47.7
1191;35730;47.69
1192;35760;47.67
1193;35790;47.65
1194;35820;47.64
1195;35850;47.62
1196;35880;47.6
1197;35910;47.59
1198;35940;47.57
1199;35970;47.55
1200;36000;47.53
1201;36030;47.52
1202;36060;47.5
1203;36090;47.48
1204;36120;47.47
1205;36150;47.45
1206;36180;47.43
1207;36210;47.42
1208;36240;47.4
1209;36270;47.38
1210;36300;47.37
1211;36330;47.35
1212;36360;47.33
1213;36390;47.32
1214;36420;47.3
1215;36450;47.28
1216;36480;47.26
1217;36510;47.25
1218;36540;47.23
1219;36570;47.21
1220;36600;47.2
1221;36630;47.18
1222;36660;47.16
1223;36690;47.15
1224;36720;47.13
1225;36750;47.11
1226;36780;47.1
1227;36810;47.08
1228;36840;47.06
1229;36870;47.05
1230;36900;47.03
1231;36930;47.01
1232;36960;46.99
1233;36990;46.98
1234;37020;46.96
1235;37050;46.94
1236;37080;46.93
1237;37110;46.91
1238;37140;46.89
1239;37170;46.88
1240;37200;46.86
1241;37230;46.84
1242;37260;46.83
1243;37290;46.81
1244;37320;46.79
1245;37350;46.78
1246;37380;46.76
1247;37410;46.74
1248;37440;46.72
1249;37470;46.71
1250;37500;46.69
1251;37530;46.67
1252;37560;46.66
1253;37590;46.64
1254;37620;46.62
1255;37650;46.61
1256;37680;46.59
1257;37710;46.57
1258;37740;46.56
1259;37770;46.54
1260;37800;46.52
1261;37830;46.51
1262;37860;46.49
1263;37890;46.47
1264;37920;46.45
1265;37950;46.44
1266;37980;46.42
1267;38010;46.4
1268;38040;46.39
1269;38070;46.37
1270;38100;46.35
1271;38130;46.34
1272;38160;46.32
1273;38190;46.3
1274;38220;46.29
1275;38250;46.27
1276;38280;46.25
1277;38310;46.24
1278;38340;46.22
1279;38370;46.2
1280;38400;46.18
1281;38430;46.17
1282;38460;46.15
1283;38490;46.13
1284;38520;46.12
1285;38550;46.1
1286;38580;46.08
1287;38610;46.07
1288;38640;46.05
1289;38670;46.03
1290;38700;46.02
1291;38730;46
1292;38760;45.98
1293;38790;45.97
1294;38820;45.95
1295;38850;45.93
1296;38880;45.91
1297;38910;45.9
1298;38940;45.88
1299;38970;45.86
1300;39000;45.85
1301;39030;45.83
1302;39060;45.81
1303;39090;45.8
1304;39120;45.78
1305;39150;45.76
1306;39180;45.75
1307;39210;45.73
1308;39240;45.71
1309;39270;45.7
1310;39300;45.68
1311;39330;45.66
1312;39360;45.64
1313;39390;45.63
1314;39420;45.61
1315;39450;45.59
1316;39480;45.58
1317;39510;45.56
1318;39540;45.54
1319;39570;45.53
1320;39600;45.51
1321;39630;45.49
1322;39660;45.48
1323;39690;45.46
1324;39720;45.44
1325;39750;45.43
1326;39780;45.41
1327;39810;45.39
1328;39840;45.37
1329;39870;45.36
1330;39900;45.34
1331;39930;45.32
1332;39960;45.31
1333;39990;45.29
1334;40020;45.27
1335;40050;45.26
1336;40080;45.24
1337;40110;45.22
1338;40140;45.21
1339;40170;45.19
1340;40200;45.17
1341;40230;45.16
1342;40260;45.14
1343;40290;45.12
1344;40320;45.11
1345;40350;45.09
1346;40380;45.07
1347;40410;45.05
1348;40440;45.04
1349;40470;45.02
1350;40500;45
1351;40530;44.99
1352;40560;44.97
1353;40590;44.95
1354;40620;44.94
1355;40650;44.92
1356;40680;44.9
1357;40710;44.89
1358;40740;44.87
1359;40770;44.85
1360;40800;44.84
1361;40830;44.82
1362;40860;44.8
1363;40890;44.78
1364;40920;44.77
1365;40950;44.75
1366;40980;44.73
1367;41010;44.72
1368;41040;44.7
1369;41070;44.68
1370;41100;44.67
1371;41130;44.65
1372;41160;44.63
1373;41190;44.62
1374;41220;44.6
1375;41250;44.58
1376;41280;44.57
1377;41310;44.55
1378;41340;44.53
1379;41370;44.51
1380;41400;44.5
1381;41430;44.48
1382;41460;44.46
1383;41490;44.45
1384;41520;44.43
1385;41550;44.41
1386;41580;44.4
1387;41610;44.38
1388;41640;44.36
1389;41670;44.35
1390;41700;44.33
1391;41730;44.31
1392;41760;44.3
1393;41790;44.28
1394;41820;44.26
1395;41850;44.24
1396;41880;44.23
1397;41910;44.21
1398;41940;44.19
1399;41970;44.18
1400;42000;44.16
1401;42030;44.14
1402;42060;44.13
1403;42090;44.11
1404;42120;44.09
1405;42150;44.08
1406;42180;44.06
1407;42210;44.04
1408;42240;44.03
1409;42270;44.01
1410;42300;43.99
1411;42330;43.97
1412;42360;43.96
1413;42390;43.94
1414;42420;43.92
1415;42450;43.91
1416;42480;43.89
1417;42510;43.87
1418;42540;43.86
1419;42570;43.84
1420;42600;43.82
1421;42630;43.81
1422;42660;43.79
1423;42690;43.77
1424;42720;43.76
1425;42750;43.74
1426;42780;43.72
1427;42810;43.7
1428;42840;43.69
1429;42870;43.67
1430;42900;43.65
1431;42930;43.64
1432;42960;43.62
1433;42990;43.6
1434;43020;43.59
1435;43050;43.57
1436;43080;43.55
1437;43110;43.54
1438;43140;43.52
1439;43170;43.5
1440;43200;43.49
1441;43230;43.47
1442;43260;43.45
1443;43290;43.43
1444;43320;43.42
1445;43350;43.4
1446;43380;43.38
1447;43410;43.37
1448;43440;43.35
1449;43470;43.33
1450;43500;43.32
1451;43530;43.3
1452;43560;43.28
1453;43590;43.27
1454;43620;43.25
1455;43650;43.23
1456;43680;43.22
1457;43710;43.2
1458;43740;43.18
1459;43770;43.16
1460;43800;43.15
1461;43830;43.13
1462;43860;43.11
1463;43890;43.1
1464;43920;43.08
1465;43950;43.06
1466;43980;43.05
1467;44010;43.03
1468;44040;43.01
1469;44070;43
1470;44100;42.98
1471;44130;42.96
1472;44160;42.95
1473;44190;42.93
1474;44220;42.91
1475;44250;42.9
1476;44280;42.88
1477;44310;42.86
1478;44340;42.84
1479;44370;42.83
1480;44400;42.81
1481;44430;42.79
1482;44460;42.78
1483;44490;42.76
1484;44520;42.74
1485;44550;42.73
1486;44580;42.71
1487;44610;42.69
1488;44640;42.68
1489;44670;42.66
1490;44700;42.64
1491;44730;42.63
1492;44760;42.61
1493;44790;42.59
1494;44820;42.57
1495;44850;42.56
1496;44880;42.54
1497;44910;42.52
1498;44940;42.51
1499;44970;42.49
1500;45000;42.47
1501;45030;42.46
1502;45060;42.44
1503;45090;42.42
1504;45120;42.41
1505;45150;42.39
1506;45180;42.37
1507;45210;42.36
1508;45240;42.34
1509;45270;42.32
1510;45300;42.3
1511;45330;42.29
1512;45360;42.27
1513;45390;42.25
1514;45420;42.24
1515;45450;42.22
1516;45480;42.2
1517;45510;42.19
1518;45540;42.17
1519;45570;42.15
1520;45600;42.14
1521;45630;42.12
1522;45660;42.1
1523;45690;42.09
1524;45720;42.07
1525;45750;42.05
1526;45780;42.03
1527;45810;42.02
1528;45840;42
1529;45870;41.98
1530;45900;41.97
1531;45930;41.95
1532;45960;41.93
1533;45990;41.92
1534;46020;41.9
1535;46050;41.88
1536;46080;41.87
1537;46110;41.85
1538;46140;41.83
1539;46170;41.82
1540;46200;41.8
1541;46230;41.78
1542;46260;41.76
1543;46290;41.75
1544;46320;41.73
1545;46350;41.71
1546;46380;41.7
1547;46410;41.68
1548;46440;41.66
1549;46470;41.65
1550;46500;41.63
1551;46530;41.61
1552;46560;41.6
1553;46590;41.58
1554;46620;41.56
1555;46650;41.55
1556;46680;41.53
1557;46710;41.51
1558;46740;41.49
1559;46770;41.48
1560;46800;41.46
1561;46830;41.44
1562;46860;41.43
1563;46890;41.41
1564;46920;41.39
1565;46950;41.38
1566;46980;41.36
1567;47010;41.34
1568;47040;41.33
1569;47070;41.31
1570;47100;41.29
1571;47130;41.28
1572;47160;41.26
1573;47190;41.24
1574;47220;41.22
1575;47250;41.21
1576;47280;41.19
1577;47310;41.17
1578;47340;41.16
1579;47370;41.14
1580;47400;41.12
1581;47430;41.11
1582;47460;41.09
1583;47490;41.07
1584;47520;41.06
1585;47550;41.04
1586;47580;41.02
1587;47610;41.01
1588;47640;40.99
1589;47670;40.97
1590;47700;40.95
1591;47730;40.94
1592;47760;40.92
1593;47790;40.9
1594;47820;40.89
1595;47850;40.87
1596;47880;40.85
1597;47910;40.84
1598;47940;40.82
1599;47970;40.8
1600;48000;40.79
1601;48030;40.77
1602;48060;40.75
1603;48090;40.74
1604;48120;40.72
1605;48150;40.7
1606;48180;40.68
1607;48210;40.67
1608;48240;40.65
1609;48270;40.63
1610;48300;40.62
1611;48330;40.6
1612;48360;40.58
1613;48390;40.57
1614;48420;40.55
1615;48450;40.53
1616;48480;40.52
1617;48510;40.5
1618;48540;40.48
1619;48570;40.47
1620;48600;40.45
1621;48630;40.43
1622;48660;40.42
1623;48690;40.4
1624;48720;40.38
1625;48750;40.36
1626;48780;40.35
1627;48810;40.33
1628;48840;40.31
1629;48870;40.3
1630;48900;40.28
1631;48930;40.26
1632;48960;40.25
1633;48990;40.23
1634;49020;40.21
1635;49050;40.2
1636;49080;40.18
1637;49110;40.16
1638;49140;40.15
1639;49170;40.13
1640;49200;40.11
1641;49230;40.09
1642;49260;40.08
1643;49290;40.06
1644;49320;40.04
1645;49350;40.03
1646;49380;40.01
1647;49410;39.99
1648;49440;39.98
1649;49470;39.96
1650;49500;39.94
1651;49530;39.93
1652;49560;39.91
1653;49590;39.89
1654;49620;39.88
1655;49650;39.86
1656;49680;39.84
1657;49710;39.82
1658;49740;39.81
1659;49770;39.79
1660;49800;39.77
1661;49830;39.76
1662;49860;39.74
1663;49890;39.72
1664;49920;39.71
1665;49950;39.69
1666;49980;39.67
1667;50010;39.66
1668;50040;39.64
1669;50070;39.62
1670;50100;39.61
1671;50130;39.59
1672;50160;39.57
1673;50190;39.55
1674;50220;39.54
1675;50250;39.52
1676;50280;39.5
1677;50310;39.49
1678;50340;39.47
1679;50370;39.45
1680;50400;39.44
1681;50430;39.42
1682;50460;39.4
1683;50490;39.39
1684;50520;39.37
1685;50550;39.35
1686;50580;39.34
1687;50610;39.32
1688;50640;39.3
1689;50670;39.28
1690;50700;39.27
1691;50730;39.25
1692;50760;39.23
1693;50790;39.22
1694;50820;39.2
1695;50850;39.18
1696;50880;39.17
1697;50910;39.15
1698;50940;39.13
1699;50970;39.12
1700;51000;39.1
1701;51030;39.08
1702;51060;39.07
1703;51090;39.05
1704;51120;39.03
1705;51150;39.01
1706;51180;39
1707;51210;38.98
1708;51240;38.96
1709;51270;38.95
1710;51300;38.93
1711;51330;38.91
1712;51360;38.9
1713;51390;38.88
1714;51420;38.86
1715;51450;38.85
1716;51480;38.83
1717;51510;38.81
1718;51540;38.8
1719;51570;38.78
1720;51600;38.76
1721;51630;38.74
1722;51660;38.73
1723;51690;38.71
1724;51720;38.69
1725;51750;38.68
1726;51780;38.66
1727;51810;38.64
1728;51840;38.63
1729;51870;38.61
1730;51900;38.59
1731;51930;38.58
1732;51960;38.56
1733;51990;38.54
1734;52020;38.53
1735;52050;38.51
1736;52080;38.49
1737;52110;38.47
1738;52140;38.46
1739;52170;38.44
1740;52200;38.42
1741;52230;38.41
1742;52260;38.39
1743;52290;38.37
1744;52320;38.36
1745;52350;38.34
1746;52380;38.32
1747;52410;38.31
1748;52440;38.29
1749;52470;38.27
1750;52500;38.26
1751;52530;38.24
1752;52560;38.22
1753;52590;38.21
1754;52620;38.19
1755;52650;38.17
1756;52680;38.15
1757;52710;38.14
1758;52740;38.12
1759;52770;38.1
1760;52800;38.09
1761;52830;38.07
1762;52860;38.05
1763;52890;38.04
1764;52920;38.02
1765;52950;38
1766;52980;37.99
1767;53010;37.97
1768;53040;37.95
1769;53070;37.94
1770;53100;37.92
1771;53130;37.9
1772;53160;37.88
1773;53190;37.87
1774;53220;37.85
1775;53250;37.83
1776;53280;37.82
1777;53310;37.8
1778;53340;37.78
1779;53370;37.77
1780;53400;37.75
1781;53430;37.73
1782;53460;37.72
1783;53490;37.7
1784;53520;37.68
1785;53550;37.67
1786;53580;37.65
1787;53610;37.63
1788;53640;37.61
1789;53670;37.6
1790;53700;37.58
1791;53730;37.56
1792;53760;37.55
1793;53790;37.53
1794;53820;37.51
1795;53850;37.5
1796;53880;37.48
1797;53910;37.46
1798;53940;37.45
1799;53970;37.43
1800;54000;37.41
1801;54030;37.4
1802;54060;37.38
1803;54090;37.36
1804;54120;37.34
1805;54150;37.33
1806;54180;37.31
1807;54210;37.29
1808;54240;37.28
1809;54270;37.26
1810;54300;37.24
1811;54330;37.23
1812;54360;37.21
1813;54390;37.19
1814;54420;37.18
1815;54450;37.16
1816;54480;37.14
1817;54510;37.13
1818;54540;37.11
1819;54570;37.09
1820;54600;37.07
1821;54630;37.06
1822;54660;37.04
1823;54690;37.02
1824;54720;37.01
1825;54750;36.99
1826;54780;36.97
1827;54810;36.96
1828;54840;36.94
1829;54870;36.92
1830;54900;36.91
1831;54930;36.89
1832;54960;36.87
1833;54990;36.86
1834;55020;36.84
1835;55050;36.82
1836;55080;36.8
1837;55110;36.79
1838;55140;36.77
1839;55170;36.75
1840;55200;36.74
1841;55230;36.72
1842;55260;36.7
1843;55290;36.69
1844;55320;36.67
1845;55350;36.65
1846;55380;36.64
1847;55410;36.62
1848;55440;36.6
1849;55470;36.59
1850;55500;36.57
1851;55530;36.55
1852;55560;36.53
1853;55590;36.52
1854;55620;36.5
1855;55650;36.48
1856;55680;36.47
1857;55710;36.45
1858;55740;36.43
1859;55770;36.42
1860;55800;36.4
1861;55830;36.38
1862;55860;36.37
1863;55890;36.35
1864;55920;36.33
1865;55950;36.32
1866;55980;36.3
1867;56010;36.28
1868;56040;36.26
1869;56070;36.25
1870;56100;36.23
1871;56130;36.21
1872;56160;36.2
1873;56190;36.18
1874;56220;36.16
1875;56250;36.15
1876;56280;36.13
1877;56310;36.11
1878;56340;36.1
1879;56370;36.08
1880;56400;36.06
1881;56430;36.05
1882;56460;36.03
1883;56490;36.01
1884;56520;35.99
1885;56550;35.98
1886;56580;35.96
1887;56610;35.94
1888;56640;35.93
1889;56670;35.91
1890;56700;35.89
1891;56730;35.88
1892;56760;35.86
1893;56790;35.84
1894;56820;35.83
1895;56850;35.81
1896;56880;35.79
1897;56910;35.78
1898;56940;35.76
1899;56970;35.74
1900;57000;35.73
1901;57030;35.71
1902;57060;35.69
1903;57090;35.67
1904;57120;35.66
1905;57150;35.64
1906;57180;35.62
1907;57210;35.61
1908;57240;35.59
1909;57270;35.57
1910;57300;35.56
1911;57330;35.54
1912;57360;35.52
1913;57390;35.51
1914;57420;35.49
1915;57450;35.47
1916;57480;35.46
1917;57510;35.44
1918;57540;35.42
1919;57570;35.4
1920;57600;35.39
1921;57630;35.37
1922;57660;35.35
1923;57690;35.34
1924;57720;35.32
1925;57750;35.3
1926;57780;35.29
1927;57810;35.27
1928;57840;35.25
1929;57870;35.24
1930;57900;35.22
1931;57930;35.2
1932;57960;35.19
1933;57990;35.17
1934;58020;35.15
1935;58050;35.13
1936;58080;35.12
1937;58110;35.1
1938;58140;35.08
1939;58170;35.07
1940;58200;35.05
1941;58230;35.03
1942;58260;35.02
1943;58290;35
1944;58320;34.98
1945;58350;34.97
1946;58380;34.95
1947;58410;34.93
1948;58440;34.92
1949;58470;34.9
1950;58500;34.88
1951;58530;34.86
1952;58560;34.85
1953;58590;34.83
1954;58620;34.81
1955;58650;34.8
1956;58680;34.78
1957;58710;34.76
1958;58740;34.75
1959;58770;34.73
1960;58800;34.71
1961;58830;34.7
1962;58860;34.68
1963;58890;34.66
1964;58920;34.65
1965;58950;34.63
1966;58980;34.61
1967;59010;34.59
1968;59040;34.58
1969;59070;34.56
1970;59100;34.54
1971;59130;34.53
1972;59160;34.51
1973;59190;34.49
1974;59220;34.48
1975;59250;34.46
1976;59280;34.44
1977;59310;34.43
1978;59340;34.41
1979;59370;34.39
1980;59400;34.38
1981;59430;34.36
1982;59460;34.34
1983;59490;34.32
1984;59520;34.31
1985;59550;34.29
1986;59580;34.27
1987;59610;34.26
1988;59640;34.24
1989;59670;34.22
1990;59700;34.21
1991;59730;34.19
1992;59760;34.17
1993;59790;34.16
1994;59820;34.14
1995;59850;34.12
1996;59880;34.11
1997;59910;34.09
1998;59940;34.07
1999;59970;34.05
2000;60000;34.04
2001;60030;34.02
2002;60060;34
2003;60090;33.99
2004;60120;33.97
2005;60150;33.95
2006;60180;33.94
2007;60210;33.92
2008;60240;33.9
2009;60270;33.89
2010;60300;33.87
2011;60330;33.85
2012;60360;33.84
2013;60390;33.82
2014;60420;33.8
2015;60450;33.78
2016;60480;33.77
2017;60510;33.75
2018;60540;33.73
2019;60570;33.72
2020;60600;33.7
2021;60630;33.68
2022;60660;33.67
2023;60690;33.65
2024;60720;33.63
2025;60750;33.62
2026;60780;33.6
2027;60810;33.58
2028;60840;33.57
2029;60870;33.55
2030;60900;33.53
2031;60930;33.52
2032;60960;33.5
2033;60990;33.48
2034;61020;33.46
2035;61050;33.45
2036;61080;33.43
2037;61110;33.41
2038;61140;33.4
2039;61170;33.38
2040;61200;33.36
2041;61230;33.35
2042;61260;33.33
2043;61290;33.31
2044;61320;33.3
2045;61350;33.28
2046;61380;33.26
2047;61410;33.25
2048;61440;33.23
2049;61470;33.21
2050;61500;33.19
2051;61530;33.18
2052;61560;33.16
2053;61590;33.14
2054;61620;33.13
2055;61650;33.11
2056;61680;33.09
2057;61710;33.08
2058;61740;33.06
2059;61770;33.04
2060;61800;33.03
2061;61830;33.01
2062;61860;32.99
2063;61890;32.98
2064;61920;32.96
2065;61950;32.94
2066;61980;32.92
2067;62010;32.91
2068;62040;32.89
2069;62070;32.87
2070;62100;32.86
2071;62130;32.84
2072;62160;32.82
2073;62190;32.81
2074;62220;32.79
2075;62250;32.77
2076;62280;32.76
2077;62310;32.74
2078;62340;32.72
2079;62370;32.71
2080;62400;32.69
2081;62430;32.67
2082;62460;32.65
2083;62490;32.64
2084;62520;32.62
2085;62550;32.6
2086;62580;32.59
2087;62610;32.57
2088;62640;32.55
2089;62670;32.54
2090;62700;32.52
2091;62730;32.5
2092;62760;32.49
2093;62790;32.47
2094;62820;32.45
2095;62850;32.44
2096;62880;32.42
2097;62910;32.4
2098;62940;32.38
2099;62970;32.37
2100;63000;32.35
2101;63030;32.33
2102;63060;32.32
2103;63090;32.3
2104;63120;32.28
2105;63150;32.27
2106;63180;32.25
2107;63210;32.23
2108;63240;32.22
2109;63270;32.2
2110;63300;32.18
2111;63330;32.17
2112;63360;32.15
2113;63390;32.13
2114;63420;32.11
2115;63450;32.1
2116;63480;32.08
2117;63510;32.06
2118;63540;32.05
2119;63570;32.03
2120;63600;32.01
2121;63630;32
2122;63660;31.98
2123;63690;31.96
2124;63720;31.95
2125;63750;31.93
2126;63780;31.91
2127;63810;31.9
2128;63840;31.88
2129;63870;31.86
2130;63900;31.84
2131;63930;31.83
2132;63960;31.81
2133;63990;31.79
2134;64020;31.78
2135;64050;31.76
2136;64080;31.74
2137;64110;31.73
2138;64140;31.71
2139;64170;31.69
2140;64200;31.68
2141;64230;31.66
2142;64260;31.64
2143;64290;31.63
2144;64320;31.61
2145;64350;31.59
2146;64380;31.57
2147;64410;31.56
2148;64440;31.54
2149;64470;31.52
2150;64500;31.51
2151;64530;31.49
2152;64560;31.47
2153;64590;31.46
2154;64620;31.44
2155;64650;31.42
2156;64680;31.41
2157;64710;31.39
2158;64740;31.37
2159;64770;31.36
2160;64800;31.34
2161;64830;31.32
2162;64860;31.3
2163;64890;31.29
2164;64920;31.27
2165;64950;31.25
2166;64980;31.24
2167;65010;31.22
2168;65040;31.2
2169;65070;31.19
2170;65100;31.17
2171;65130;31.15
2172;65160;31.14
2173;65190;31.12
2174;65220;31.1
2175;65250;31.09
2176;65280;31.07
2177;65310;31.05
2178;65340;31.04
2179;65370;31.02
2180;65400;31
2181;65430;30.98
2182;65460;30.97
2183;65490;30.95
2184;65520;30.93
2185;65550;30.92
2186;65580;30.9
2187;65610;30.88
2188;65640;30.87
2189;65670;30.85
2190;65700;30.83
2191;65730;30.82
2192;65760;30.8
2193;65790;30.78
2194;65820;30.77
2195;65850;30.75
2196;65880;30.73
2197;65910;30.71
2198;65940;30.7
2199;65970;30.68
2200;66000;30.66
2201;66030;30.65
2202;66060;30.63
2203;66090;30.61
2204;66120;30.6
2205;66150;30.58
2206;66180;30.56
2207;66210;30.55
2208;66240;30.53
2209;66270;30.51
2210;66300;30.5
2211;66330;30.48
2212;66360;30.46
2213;66390;30.44
2214;66420;30.43
2215;66450;30.41
2216;66480;30.39
2217;66510;30.38
2218;66540;30.36
2219;66570;30.34
2220;66600;30.33
2221;66630;30.31
2222;66660;30.29
2223;66690;30.28
2224;66720;30.26
2225;66750;30.24
2226;66780;30.23
2227;66810;30.21
2228;66840;30.19
2229;66870;30.17
2230;66900;30.16
2231;66930;30.14
2232;66960;30.12
2233;66990;30.11
2234;67020;30.09
2235;67050;30.07
2236;67080;30.06
2237;67110;30.04
2238;67140;30.02
2239;67170;30.01
2240;67200;29.99
2241;67230;29.97
2242;67260;29.96
2243;67290;29.94
2244;67320;29.92
2245;67350;29.9
2246;67380;29.89
2247;67410;29.87
2248;67440;29.85
2249;67470;29.84
2250;67500;29.82
2251;67530;29.8
2252;67560;29.79
2253;67590;29.77
2254;67620;29.75
2255;67650;29.74
2256;67680;29.72
2257;67710;29.7
2258;67740;29.69
2259;67770;29.67
2260;67800;29.65
2261;67830;29.63
2262;67860;29.62
2263;67890;29.6
2264;67920;29.58
2265;67950;29.57
2266;67980;29.55
2267;68010;29.53
2268;68040;29.52
2269;68070;29.5
2270;68100;29.48
2271;68130;29.47
2272;68160;29.45
2273;68190;29.43
2274;68220;29.42
2275;68250;29.4
2276;68280;29.38
2277;68310;29.36
2278;68340;29.35
2279;68370;29.33
2280;68400;29.31
2281;68430;29.3
2282;68460;29.28
2283;68490;29.26
2284;68520;29.25
2285;68550;29.23
2286;68580;29.21
2287;68610;29.2
2288;68640;29.18
2289;68670;29.16
2290;68700;29.15
2291;68730;29.13
2292;68760;29.11
2293;68790;29.09
2294;68820;29.08
2295;68850;29.06
2296;68880;29.04
2297;68910;29.03
2298;68940;29.01
2299;68970;28.99
2300;69000;28.98
2301;69030;28.96
2302;69060;28.94
2303;69090;28.93
2304;69120;28.91
2305;69150;28.89
2306;69180;28.88
2307;69210;28.86
2308;69240;28.84
2309;69270;28.83
2310;69300;28.81
2311;69330;28.79
2312;69360;28.77
2313;69390;28.76
2314;69420;28.74
2315;69450;28.72
2316;69480;28.71
2317;69510;28.69
2318;69540;28.67
2319;69570;28.66
2320;69600;28.64
2321;69630;28.62
2322;69660;28.61
2323;69690;28.59
2324;69720;28.57
2325;69750;28.56
2326;69780;28.54
2327;69810;28.52
2328;69840;28.5
2329;69870;28.49
2330;69900;28.47
2331;69930;28.45
2332;69960;28.44
2333;69990;28.42
2334;70020;28.4
2335;70050;28.39
2336;70080;28.37
2337;70110;28.35
2338;70140;28.34
2339;70170;28.32
2340;70200;28.3
2341;70230;28.29
2342;70260;28.27
2343;70290;28.25
2344;70320;28.23
2345;70350;28.22
2346;70380;28.2
2347;70410;28.18
2348;70440;28.17
2349;70470;28.15
2350;70500;28.13
2351;70530;28.12
2352;70560;28.1
2353;70590;28.08
2354;70620;28.07
2355;70650;28.05
2356;70680;28.03
2357;70710;28.02
2358;70740;28
2359;70770;27.98
2360;70800;27.96
2361;70830;27.95
2362;70860;27.93
2363;70890;27.91
2364;70920;27.9
2365;70950;27.88
2366;70980;27.86
2367;71010;27.85
2368;71040;27.83
2369;71070;27.81
2370;71100;27.8
2371;71130;27.78
2372;71160;27.76
2373;71190;27.75
2374;71220;27.73
2375;71250;27.71
2376;71280;27.69
2377;71310;27.68
2378;71340;27.66
2379;71370;27.64
2380;71400;27.63
2381;71430;27.61
2382;71460;27.59
2383;71490;27.58
2384;71520;27.56
2385;71550;27.54
2386;71580;27.53
2387;71610;27.51
2388;71640;27.49
2389;71670;27.48
2390;71700;27.46
2391;71730;27.44
2392;71760;27.42
2393;71790;27.41
2394;71820;27.39
2395;71850;27.37
2396;71880;27.36
2397;71910;27.34
2398;71940;27.32
2399;71970;27.31
2400;72000;27.29
2401;72030;27.27
2402;72060;27.26
2403;72090;27.24
2404;72120;27.22
2405;72150;27.21
2406;72180;27.19
2407;72210;27.17
2408;72240;27.15
2409;72270;27.14
2410;72300;27.12
2411;72330;27.1
2412;72360;27.09
2413;72390;27.07
2414;72420;27.05
2415;72450;27.04
2416;72480;27.02
2417;72510;27
2418;72540;26.99
2419;72570;26.97
2420;72600;26.95
2421;72630;26.94
2422;72660;26.92
2423;72690;26.9
2424;72720;26.88
2425;72750;26.87
2426;72780;26.85
2427;72810;26.83
2428;72840;26.82
2429;72870;26.8
2430;72900;26.78
2431;72930;26.77
2432;72960;26.75
2433;72990;26.73
2434;73020;26.72
2435;73050;26.7
2436;73080;26.68
2437;73110;26.67
2438;73140;26.65
2439;73170;26.63
2440;73200;26.61
2441;73230;26.6
2442;73260;26.58
2443;73290;26.56
2444;73320;26.55
2445;73350;26.53
2446;73380;26.51
2447;73410;26.5
2448;73440;26.48
2449;73470;26.46
2450;73500;26.45
2451;73530;26.43
2452;73560;26.41
2453;73590;26.4
2454;73620;26.38
2455;73650;26.36
2456;73680;26.35
2457;73710;26.33
2458;73740;26.31
2459;73770;26.29
2460;73800;26.28
2461;73830;26.26
2462;73860;26.24
2463;73890;26.23
2464;73920;26.21
2465;73950;26.19
2466;73980;26.18
2467;74010;26.16
2468;74040;26.14
2469;74070;26.13
2470;74100;26.11
2471;74130;26.09
2472;74160;26.08
2473;74190;26.06
2474;74220;26.04
2475;74250;26.02
2476;74280;26.01
2477;74310;25.99
2478;74340;25.97
2479;74370;25.96
2480;74400;25.94
2481;74430;25.92
2482;74460;25.91
2483;74490;25.89
2484;74520;25.87
2485;74550;25.86
2486;74580;25.84
2487;74610;25.82
2488;74640;25.81
2489;74670;25.79
2490;74700;25.77
2491;74730;25.75
2492;74760;25.74
2493;74790;25.72
2494;74820;25.7
2495;74850;25.69
2496;74880;25.67
2497;74910;25.65
2498;74940;25.64
2499;74970;25.62
2500;75000;25.6
2501;75030;25.59
2502;75060;25.57
2503;75090;25.55
2504;75120;25.54
2505;75150;25.52
2506;75180;25.5
2507;75210;25.48
2508;75240;25.47
2509;75270;25.45
2510;75300;25.43
2511;75330;25.42
2512;75360;25.4
2513;75390;25.38
2514;75420;25.37
2515;75450;25.35
2516;75480;25.33
2517;75510;25.32
2518;75540;25.3
2519;75570;25.28
2520;75600;25.27
2521;75630;25.25
2522;75660;25.23
2523;75690;25.21
2524;75720;25.2
2525;75750;25.18
2526;75780;25.16
2527;75810;25.15
2528;75840;25.13
2529;75870;25.11
2530;75900;25.1
2531;75930;25.08
2532;75960;25.06
2533;75990;25.05
2534;76020;25.03
2535;76050;25.01
2536;76080;25
2537;76110;24.98
2538;76140;24.96
2539;76170;24.94
2540;76200;24.93
2541;76230;24.91
2542;76260;24.89
2543;76290;24.88
2544;76320;24.86
2545;76350;24.84
2546;76380;24.83
2547;76410;24.81
2548;76440;24.79
2549;76470;24.78
2550;76500;24.76
2551;76530;24.74
2552;76560;24.73
2553;76590;24.71
2554;76620;24.69
2555;76650;24.67
2556;76680;24.66
2557;76710;24.64
2558;76740;24.62
2559;76770;24.61
2560;76800;24.59
2561;76830;24.57
2562;76860;24.56
2563;76890;24.54
2564;76920;24.52
2565;76950;24.51
2566;76980;24.49
2567;77010;24.47
2568;77040;24.46
2569;77070;24.44
2570;77100;24.42
2571;77130;24.4
2572;77160;24.39
2573;77190;24.37
2574;77220;24.35
2575;77250;24.34
2576;77280;24.32
2577;77310;24.3
2578;77340;24.29
2579;77370;24.27
2580;77400;24.25
2581;77430;24.24
2582;77460;24.22
2583;77490;24.2
2584;77520;24.19
2585;77550;24.17
2586;77580;24.15
2587;77610;24.14
2588;77640;24.12
2589;77670;24.1
2590;77700;24.08
2591;77730;24.07
2592;77760;24.05
2593;77790;24.03
2594;77820;24.02
2595;77850;24
2596;77880;23.98
2597;77910;23.97
2598;77940;23.95
2599;77970;23.93
2600;78000;23.92
2601;78030;23.9
2602;78060;23.88
2603;78090;23.87
2604;78120;23.85
2605;78150;23.83
2606;78180;23.81
2607;78210;23.8
2608;78240;23.78
2609;78270;23.76
2610;78300;23.75
2611;78330;23.73
2612;78360;23.71
2613;78390;23.7
2614;78420;23.68
2615;78450;23.66
2616;78480;23.65
2617;78510;23.63
2618;78540;23.61
2619;78570;23.6
2620;78600;23.58
2621;78630;23.56
2622;78660;23.54
2623;78690;23.53
2624;78720;23.51
2625;78750;23.49
2626;78780;23.48
2627;78810;23.46
2628;78840;23.44
2629;78870;23.43
2630;78900;23.41
2631;78930;23.39
2632;78960;23.38
2633;78990;23.36
2634;79020;23.34
2635;79050;23.33
2636;79080;23.31
2637;79110;23.29
2638;79140;23.27
2639;79170;23.26
2640;79200;23.24
2641;79230;23.22
2642;79260;23.21
2643;79290;23.19
2644;79320;23.17
2645;79350;23.16
2646;79380;23.14
2647;79410;23.12
2648;79440;23.11
2649;79470;23.09
2650;79500;23.07
2651;79530;23.06
2652;79560;23.04
2653;79590;23.02
2654;79620;23
2655;79650;23
2656;79680;23
2657;79710;23
2658;79740;23
2659;79770;23
2660;79800;23
2661;79830;23
2662;79860;23
2663;79890;23
2664;79920;23
2665;79950;23
2666;79980;23
2667;80010;23
2668;80040;23
2669;80070;23
2670;80100;23
2671;80130;23
2672;80160;23
2673;80190;23
2674;80220;23
2675;80250;23
2676;80280;23
2677;80310;23
2678;80340;23
2679;80370;23
2680;80400;23
2681;80430;23
2682;80460;23
2683;80490;23
2684;80520;23
2685;80550;23
2686;80580;23
2687;80610;23
2688;80640;23
2689;80670;23
2690;80700;23
2691;80730;23
2692;80760;23
2693;80790;23
2694;80820;23
2695;80850;23
2696;80880;23
2697;80910;23
2698;80940;23
2699;80970;23
2700;81000;23
2701;81030;23
2702;81060;23
2703;81090;23
2704;81120;23
2705;81150;23
2706;81180;23
2707;81210;23
2708;81240;23
2709;81270;23
2710;81300;23
2711;81330;23
2712;81360;23
2713;81390;23
2714;81420;23
2715;81450;23
2716;81480;23
2717;81510;23
2718;81540;23
2719;81570;23
2720;81600;23
2721;81630;23
2722;81660;23
2723;81690;23
2724;81720;23
2725;81750;23
2726;81780;23
2727;81810;23
2728;81840;23
2729;81870;23
2730;81900;23
2731;81930;23
2732;81960;23
2733;81990;23
2734;82020;23
2735;82050;23
2736;82080;23
2737;82110;23
2738;82140;23
2739;82170;23
2740;82200;23
2741;82230;23
2742;82260;23
2743;82290;23
2744;82320;23
2745;82350;23
2746;82380;23
2747;82410;23
2748;82440;23
2749;82470;23
2750;82500;23
2751;82530;23
2752;82560;23
2753;82590;23
2754;82620;23
2755;82650;23
2756;82680;23
2757;82710;23
2758;82740;23
2759;82770;23
2760;82800;23
2761;82830;23
2762;82860;23
2763;82890;23
2764;82920;23
2765;82950;23
2766;82980;23
2767;83010;23
2768;83040;23
2769;83070;23
2770;83100;23
2771;83130;23
2772;83160;23
2773;83190;23
2774;83220;23
2775;83250;23
2776;83280;23
2777;83310;23
2778;83340;23
2779;83370;23
2780;83400;23
2781;83430;23
2782;83460;23
2783;83490;23
2784;83520;23
2785;83550;23
2786;83580;23
2787;83610;23
2788;83640;23
2789;83670;23
2790;83700;23
2791;83730;23
2792;83760;23
2793;83790;23
2794;83820;23
2795;83850;23
2796;83880;23
2797;83910;23
2798;83940;23
2799;83970;23
2800;84000;23
2801;84030;23
2802;84060;23
2803;84090;23
2804;84120;23
2805;84150;23
2806;84180;23
2807;84210;23
2808;84240;23
2809;84270;23
2810;84300;23
2811;84330;23
2812;84360;23
2813;84390;23
2814;84420;23
2815;84450;23
2816;84480;23
2817;84510;23
2818;84540;23
2819;84570;23
2820;84600;23
2821;84630;23
2822;84660;23
2823;84690;23
2824;84720;23
2825;84750;23
2826;84780;23
2827;84810;23
2828;84840;23
2829;84870;23
2830;84900;23
2831;84930;23
2832;84960;23
2833;84990;23
2834;85020;23
2835;85050;23
2836;85080;23
2837;85110;23
2838;85140;23
2839;85170;23
2840;85200;23
2841;85230;23
2842;85260;23
2843;85290;23
2844;85320;23
2845;85350;23
2846;85380;23
2847;85410;23
2848;85440;23
2849;85470;23
2850;85500;23
2851;85530;23
2852;85560;23
2853;85590;23
2854;85620;23
2855;85650;23
2856;85680;23
2857;85710;23
2858;85740;23
2859;85770;23
2860;85800;23
2861;85830;23
2862;85860;23
2863;85890;23
2864;85920;23
2865;85950;23
2866;85980;23
2867;86010;23
2868;86040;23
2869;86070;23
2870;86100;23
2871;86130;23
2872;86160;23
2873;86190;23
2874;86220;23
2875;86250;23
2876;86280;23
2877;86310;23
2878;86340;23
2879;86370;23
2879;86370;23
